Quote,Memorable
"The red apple sat on the wooden table, its skin gleaming under the kitchen light.",1
"He picked up the hammer and struck the nail, driving it into the oak board.",1
The silver fork clinked against the plate as she twirled her spaghetti.,1
The engine roared to life as the driver pressed the ignition button.,1
A small dog barked at the mailman as he placed the letters into the mailbox.,1
"The blue notebook lay open on the desk, filled with scribbled notes and ideas.",1
She zipped up her leather jacket and grabbed her motorcycle helmet from the chair.,1
"The glass shattered on the tile floor, sending shards flying in all directions.",1
"He flicked the switch, and the lightbulb above flickered before turning on fully.",1
"The train pulled into the station, steam hissing from the metal wheels.",1
"She poured hot coffee into her favorite mug, the steam rising into the cold morning air.",1
"The carpenter measured the plank of wood, marking it carefully with a pencil.",1
"The chocolate melted in her mouth, smooth and rich with a hint of bitterness.",1
He clicked the pen and began writing his signature on the dotted line.,1
"The cat curled up on the windowsill, basking in the warmth of the afternoon sun.",1
The drill whirred loudly as it bored a hole into the concrete wall.,1
The mechanic wiped the grease from his hands with a dirty rag.,1
The crisp autumn leaves crunched under his boots as he walked through the park.,1
She tied the laces of her running shoes and stretched before heading out the door.,1
"The bookshelf sagged under the weight of dozens of thick, hardcover books.",1
He took the paintbrush and dipped it into the vibrant blue paint.,1
"The doorbell rang, echoing through the empty house as she approached the front door.",1
"She sliced the ripe tomato, the juice spilling onto the wooden cutting board.",1
The ice cubes clinked in the glass as he poured the cold soda over them.,1
"The car skidded on the wet pavement, tires screeching as the driver tried to regain control.",1
The smell of fresh bread wafted from the bakery as she passed by.,1
"He handed her a bouquet of red roses, their petals soft and fragrant.",1
The heavy backpack pulled on her shoulders as she trudged up the hill.,1
"The carpenter sanded the rough edges of the table, smoothing the wood under his hands.",1
"The rain pattered against the window, creating tiny rivers on the glass.",1
"She tapped the screen of her phone, scrolling through the list of messages.",1
"The artist squeezed a dab of yellow paint onto the canvas, blending it with the red.",1
"The police sirens wailed in the distance, growing louder as they approached.",1
"He peeled the orange, the sharp citrus scent filling the air.",1
"The wooden door creaked as it opened, revealing a dimly lit room inside.",1
"She folded the fresh laundry, the fabric still warm from the dryer.",1
"The blender whirred as it mixed the fruits into a thick, cold smoothie.",1
"He polished his shoes, rubbing the cloth in small circles until they shined.",1
"The basketball bounced across the court, echoing in the empty gymnasium.",1
"The clock on the wall ticked loudly, marking the passing of time in the quiet room.",1
"She picked up the book from the shelf, its worn cover soft under her fingertips.",1
"The waiter set the steaming plate of pasta in front of him, the smell of garlic in the air.",1
"He cracked the egg into the frying pan, the yolk sizzling as it hit the hot surface.",1
The keys jingled in his hand as he unlocked the front door.,1
"The horse galloped across the field, its mane flying in the wind.",1
The bicycle chain rattled as he pedaled up the steep hill.,1
"She opened the fridge and grabbed a bottle of water, condensation dripping down the sides.",1
"The carpenter nailed the final plank into place, finishing the deck.",1
"The elevator doors slid open with a soft ding, and she stepped inside.",1
"He tightened the bolts on the machine, making sure they were secure.",1
"The sun set behind the mountains, casting long shadows over the valley.",1
The ice cream dripped down the cone as the child licked it eagerly.,1
"The typewriter clacked as he pressed each key, words appearing on the paper.",1
"She folded the paper crane carefully, creasing each edge with precision.",1
The vacuum cleaner hummed as it sucked up the dust from the carpet.,1
"He flipped the pancake, watching as it landed perfectly in the center of the pan.",1
"The tree branches swayed in the wind, their leaves rustling softly.",1
"The pot of soup bubbled on the stove, filling the kitchen with the smell of vegetables.",1
"She spread the butter on the warm toast, watching it melt into the bread.",1
"The subway doors whooshed open, and the crowd surged forward to board.",1
"The plumber tightened the pipe, ensuring there would be no more leaks.",1
"The wind rattled the window panes, a cold draft seeping into the room.",1
"He placed the final piece of the puzzle, completing the picture of a mountain scene.",1
The coffee machine gurgled as it brewed a fresh pot of coffee.,1
"She hung the wet clothes on the line, the sun already starting to dry them.",1
"The chef sliced the steak, revealing the perfectly cooked pink center.",1
"The light bulb flickered before finally going out, leaving the room in darkness.",1
The rain boots squelched in the mud as he made his way through the field.,1
"She flicked through the pages of the magazine, stopping at an article about travel.",1
"The dog wagged its tail, eagerly waiting for the ball to be thrown.",1
"He turned the steering wheel, guiding the car around the sharp corner.",1
"The knife sliced through the watermelon, revealing its bright red flesh.",1
"The faucet dripped slowly, each drop echoing in the quiet kitchen.",1
"She stacked the plates carefully, making sure they didn't topple over.",1
"The cat stretched lazily in the sunbeam, its fur warm from the light.",1
"He sharpened the pencil, the shavings falling onto the desk.",1
"The microwave beeped, signaling that the food was ready.",1
"She unwrapped the chocolate bar, the foil crinkling in her hands.",1
"The train tracks stretched out into the distance, disappearing into the horizon.",1
He adjusted the rearview mirror before pulling out of the driveway.,1
"The fan whirred overhead, a gentle breeze cooling the room.",1
"She packed her suitcase, folding each item of clothing neatly.",1
"The kettle whistled, steam billowing from the spout.",1
"He kicked the soccer ball, sending it flying into the goal.",1
"The shelves were lined with glass jars, each one filled with a different type of jam.",1
"She braided her hair, the strands twisting together in a neat pattern.",1
"The metal gate creaked as he pushed it open, stepping into the overgrown garden.",1
"He chopped the onions, the sharp smell making his eyes water.",1
"The sunflowers in the field turned their faces toward the sun, soaking up the light.",1
"She zipped up her suitcase and rolled it toward the door, ready for her trip.",1
"The engine sputtered before finally turning over, the car roaring to life.",1
He wiped the sweat from his brow as he finished mowing the lawn.,1
The smell of popcorn filled the air as the kernels popped in the microwave.,1
"She arranged the flowers in the vase, their bright colors lighting up the room.",1
"The boat rocked gently on the water, the waves lapping against the hull.",1
"He tossed the ball into the air and caught it, repeating the motion absentmindedly.",1
The chalk squeaked on the blackboard as the teacher wrote the day's lesson.,1
"The streetlights flickered on, casting long shadows on the empty street.",1
"You are enough, just as you are.",1
"In the darkest hour, the stars shine brightest.",1
The heart whispers what the mind cannot understand.,1
"Love doesn't need to be perfect, it just needs to be true.",1
Every tear holds a story of strength.,1
The bravest thing you can do is keep going.,1
Hope is a whisper in the storm.,1
Kindness is a language the deaf can hear and the blind can see.,1
"Sometimes, the hardest battles are the ones we fight within.",1
You are more resilient than you know.,1
Life is too short to waste on things that don't make you smile.,1
Every scar tells a story of survival.,1
What you seek is seeking you.,1
It's okay to be a work in progress.,1
Your mistakes do not define you.,1
Even broken crayons still color.,1
Storms make trees take deeper roots.,1
You can rise up from anything.,1
"The world breaks everyone, but afterward, some are stronger at the broken places.",1
"Your past is just a story, and once you realize this, it has no power over you.",1
The soul knows when it's time to heal.,1
You are the sky; everything else is just the weather.,1
You cannot pour from an empty cup.,1
"Every day may not be good, but there is something good in every day.",1
"Healing takes time, but time doesn't wait.",1
You are never too old to set another goal or to dream a new dream.,1
Courage is not the absence of fear but the triumph over it.,1
"The more you love your decisions, the less you need others to love them.",1
What lies behind us and what lies before us are tiny matters compared to what lies within us.,1
"Even on the hardest days, there is a reason to smile.",1
It's okay to not be okay.,1
"Where there is love, there is life.",1
"Time doesn't heal all wounds, but it does give you space to learn from them.",1
Sometimes you have to let go to grow.,1
You are stronger than you think.,1
"Inhale courage, exhale fear.",1
The best view comes after the hardest climb.,1
"No rain, no flowers.",1
"Love yourself first, and everything else will fall into place.",1
The wound is where the light enters you.,1
There is always light after the dark.,1
Every sunrise is an invitation to brighten someone's day.,1
You are the hero of your own story.,1
Small steps in the right direction are still progress.,1
It always seems impossible until it's done.,1
You don't need to have it all figured out to move forward.,1
Happiness is found when you stop comparing yourself to others.,1
Your value doesn't decrease based on someone's inability to see your worth.,1
"You were born to be real, not perfect.",1
Letting go doesn't mean giving up; it means moving on.,1
Everything you need is already inside you.,1
"It's not about how many times you fall, but how many times you get back up.",1
Take the risk or lose the chance.,1
Turn your wounds into wisdom.,1
Difficult roads often lead to beautiful destinations.,1
Sometimes the smallest step in the right direction ends up being the biggest step of your life.,1
Growth is painful. Change is painful. But nothing is as painful as staying stuck somewhere you don't belong.,1
The only way out is through.,1
You can't start the next chapter of your life if you keep re-reading the last one.,1
"It's not who you are that holds you back, it's who you think you're not.",1
You have been assigned this mountain to show others it can be moved.,1
"When nothing goes right, go left.",1
Your present circumstances don't determine where you can go; they merely determine where you start.,1
The strongest people are not those who show strength in front of us but those who win battles we know nothing about.,1
You can't pour from an empty cup; take care of yourself first.,1
"The greatest glory in living lies not in never falling, but in rising every time we fall.",1
It's never too late to be what you might have been.,1
Out of difficulties grow miracles.,1
Happiness can be found even in the darkest of times if one only remembers to turn on the light.,1
"Success is not final, failure is not fatal: It is the courage to continue that counts.",1
"Dream as if you'll live forever, live as if you'll die today.",1
You must do the thing you think you cannot do.,1
Sometimes the bad things that happen in our lives put us on the path to the best things that will ever happen to us.,1
One day or day one. You decide.,1
Strength grows in the moments when you think you can't go on but you keep going anyway.,1
Be the change you wish to see in the world.,1
Life isn't about waiting for the storm to pass; it's about learning to dance in the rain.,1
Believe you can and you're halfway there.,1
"If you're going through hell, keep going.",1
"Your life does not get better by chance, it gets better by change.",1
"Life is tough, but so are you.",1
"Do what you can, with what you have, where you are.",1
"Don't count the days, make the days count.",1
Be yourself; everyone else is already taken.,1
You are never too small to make a difference.,1
"Everything happens for a reason, even if you don't understand it at the time.",1
Life is 10% what happens to us and 90% how we react to it.,1
Stars can't shine without darkness.,1
The best way to predict your future is to create it.,1
You are never alone. The universe is conspiring to help you.,1
"Sometimes, you just have to jump and build your wings on the way down.",1
Your story isn't over yet.,1
"Take a deep breath; it's just a bad day, not a bad life.",1
"Life isn't measured by the breaths we take, but by the moments that take our breath away.",1
"Do not fear failure, but rather fear not trying.",1
"Start where you are, use what you have, do what you can.",1
"If you get tired, learn to rest, not to quit.",1
Keep going because you didn't come this far just to come this far.,1
"You have the power to say, 'This is not how my story will end.'",1
The moonlight spilled across the lake like silver ink.,1
Her eyes sparkled like the first rays of dawn kissing the ocean waves.,1
The forest whispered secrets through the rustling of leaves.,1
"A lone candle flickered in the window, casting shadows that danced on the walls.",1
"The scent of pine lingered in the air, fresh and sharp after the rain.",1
"Golden fields stretched endlessly, swaying gently under the summer breeze.",1
The stars hung like diamonds scattered across the velvet sky.,1
"The sun dipped below the horizon, painting the sky in hues of pink and gold.",1
"Waves crashed against the rocky shore, their foamy edges glistening under the sun.",1
The clouds rolled over the mountains like waves frozen in time.,1
"The fire crackled, sending sparks swirling into the crisp night air.",1
"Raindrops tapped on the window, tracing paths like tiny rivers down the glass.",1
"The autumn leaves crunched underfoot, a symphony of colors beneath each step.",1
"The snow blanketed the world in a serene, shimmering silence.",1
"The river carved its path through the canyon, a serpent of glass in the midday sun.",1
"The wind howled through the trees, bending branches like dancers in the storm.",1
"The horizon glowed with the promise of a new day, streaks of amber and violet blending together.",1
"The petals of the cherry blossoms floated down, like pink snowflakes carried on the wind.",1
"The old wooden pier creaked with every step, its weathered planks telling stories of the past.",1
"A blanket of mist clung to the valley, soft and ethereal as it curled around the trees.",1
"The lighthouse stood tall, its beam cutting through the fog like a knife through velvet.",1
"The fields of lavender stretched to the horizon, a sea of purple waving in the breeze.",1
"The mountain peaks pierced the sky, capped with snow like sugar dusting a cake.",1
"A single leaf drifted down from the tree, spinning lazily in the autumn air.",1
"The ocean stretched endlessly, a canvas of blue hues blending with the sky at the horizon.",1
"The campfire’s embers glowed softly, like tiny stars in the dying light of the evening.",1
"The meadow buzzed with life, bees flitting from flower to flower, each bloom brighter than the last.",1
"The full moon hung low, casting a silver glow over the quiet village below.",1
"The rain fell in sheets, each drop bouncing off the pavement in a chorus of taps.",1
"The mountain stood tall, its peak lost in a crown of clouds.",1
"The garden bloomed in a riot of color, flowers spilling over in every shade imaginable.",1
"The sky cracked open with lightning, illuminating the dark clouds like a lantern in the night.",1
"The desert stretched out, an endless sea of sand dunes rippling under the scorching sun.",1
"A line of footprints trailed behind in the sand, slowly being swallowed by the incoming tide.",1
"The wind stirred the wheat fields, turning them into golden waves that shimmered in the sunlight.",1
"The fog rolled in from the sea, curling around the cliffs like a ghostly veil.",1
"The scent of fresh rain on hot pavement filled the air, bringing with it the promise of relief.",1
"The night sky was a blanket of indigo, sprinkled with the sparkle of distant galaxies.",1
"The trees stood tall, their branches twisting together like ancient, gnarled fingers.",1
"The river murmured softly as it wound its way through the forest, a song only the trees could hear.",1
"The cobblestone streets were slick with rain, reflecting the glow of the street lamps above.",1
"The mountains loomed in the distance, their jagged peaks cutting into the sky like ancient teeth.",1
"The waves lapped gently at the shore, each one pulling the sand a little farther out to sea.",1
"The sunset painted the world in shades of amber and rose, as if the sky itself were blushing.",1
"The clouds drifted lazily across the sky, their edges glowing as the sun set behind them.",1
"The old oak tree stood proud, its massive limbs stretching toward the heavens, thick with history.",1
"The air was thick with the scent of jasmine, sweet and intoxicating in the summer heat.",1
"The moon cast a silver path across the water, a ribbon of light leading into the unknown.",1
"The streets buzzed with life, neon signs flickering in the rain-soaked night.",1
"The crack of thunder shook the windows, a reminder of nature’s raw power.",1
"The leaves danced in the breeze, a kaleidoscope of color against the deep blue sky.",1
"The sky blushed pink as the sun dipped below the horizon, the first stars winking into view.",1
"The fog clung to the city, muting the sounds of life and wrapping everything in a soft, gray blanket.",1
"The fire burned low, its orange glow flickering in the hearth as shadows danced on the walls.",1
"The forest floor was carpeted in moss, soft and springy underfoot, like walking on clouds.",1
"The wind whispered through the wheat fields, a song as old as time itself.",1
The ocean breeze carried with it the scent of salt and adventure.,1
"The streets gleamed with rain, each puddle reflecting the twinkling lights above.",1
"The mountains towered over the valley, their snow-capped peaks sharp against the blue sky.",1
"The river ran wild and free, its waters carving paths through rock and time.",1
"The first snowflakes fell softly, each one a tiny masterpiece of ice and air.",1
"The garden was alive with color, each bloom more vibrant than the last.",1
"The waterfall cascaded down the rocks, its roar echoing through the canyon.",1
"The stars were so bright, they seemed close enough to touch.",1
"The air was heavy with the scent of rain, fresh and clean after the storm.",1
"The sunrise bathed the world in gold, as if the earth itself were waking up.",1
"The wind howled through the canyon, a lonely cry that echoed for miles.",1
"The horizon was ablaze with color as the sun set, turning the sky into a masterpiece.",1
"The trees swayed gently, their leaves whispering secrets to the wind.",1
"The sand dunes stretched out like waves frozen in time, each one a testament to the desert’s power.",1
"The clouds hung low, their dark bellies promising a storm.",1
"The forest floor was dappled with sunlight, patches of gold peeking through the canopy above.",1
"The lighthouse stood tall, its beam cutting through the darkness like a sword.",1
"The fields were a patchwork of green and gold, each one more beautiful than the last.",1
"The wind tugged at the grass, making it dance in time with the waves below.",1
"The mountain stream gurgled happily, a tiny ribbon of life winding through the rocks.",1
"The sky stretched endlessly above, a perfect blue that seemed to go on forever.",1
"The fireflies lit up the night, tiny stars winking in the darkness.",1
"The moon hung low in the sky, casting long shadows on the ground below.",1
"The clouds parted, revealing a sky full of stars, each one twinkling like a diamond.",1
"The wind swept across the plains, carrying with it the scent of earth and sky.",1
"The trees stood like sentinels, their branches reaching up toward the heavens.",1
"The rain fell softly, a gentle reminder of the earth’s constant renewal.",1
"The snow glistened in the moonlight, turning the world into a frozen wonderland.",1
"The stars were so bright, they seemed to dance across the sky.",1
"The waves crashed against the shore, their rhythmic beat a lullaby to the world.",1
"The sky was painted in shades of pink and orange, the sunset a masterpiece of light and color.",1
"The mountains stood tall and proud, their peaks reaching toward the heavens.",1
"The garden was alive with the buzz of bees, the air thick with the scent of blooming flowers.",1
"The river wound its way through the valley, a silver ribbon that sparkled in the sun.",1
"The trees whispered in the breeze, their leaves rustling like secrets shared in the dark.",1
"The clouds rolled in, dark and heavy, a storm brewing on the horizon.",1
"The sand crunched beneath his feet, each step a reminder of the desert’s endless expanse.",1
"The sunrise broke over the mountains, bathing the world in golden light.",1
"The stars twinkled in the sky, tiny points of light in the vast expanse of space.",1
"The ocean stretched out before them, endless and untamed, a force of nature in its purest form.",1
"The fire crackled in the hearth, its warmth a comforting presence in the chilly night air.",1
"The forest was alive with the sound of birds, each one calling out a song of its own.",1
The warmth of the sun on my skin filled me with a sense of peace.,1
"Her smile lit up the room, making everything seem brighter.",1
The sound of children's laughter was pure joy in the summer air.,1
He felt a surge of pride as he crossed the finish line.,1
"The sunset was breathtaking, a reminder that the world was full of beauty.",1
She felt her heart swell with love as she held her newborn baby.,1
"The music lifted his spirits, filling him with happiness and energy.",1
"As she danced in the rain, she felt completely free and alive.",1
The smell of freshly baked cookies brought back memories of childhood warmth.,1
His heart raced with excitement as he opened the long-awaited letter.,1
The gentle touch of her hand calmed his nerves and brought him peace.,1
A feeling of accomplishment washed over him as he completed the final stroke of the painting.,1
"Her laughter was infectious, spreading joy to everyone around her.",1
The soft glow of the fire filled the room with warmth and comfort.,1
"He felt invincible, like he could conquer the world after his success.",1
The sight of the blooming flowers filled her with a sense of renewal and hope.,1
The love in his eyes made her feel cherished and adored.,1
The quiet hum of the city at night brought a sense of calm to his soul.,1
She was overcome with gratitude as she watched the sunrise on her perfect morning.,1
The cool breeze on his face brought a sense of clarity and peace.,1
He felt the rush of victory as his team celebrated the hard-fought win.,1
The melody of the song wrapped around her like a warm embrace.,1
The crackling fire and soft blanket made her feel safe and secure.,1
"The fresh mountain air invigorated his spirit, making him feel alive.",1
"As they stood together watching the sunset, she felt completely at peace.",1
The applause of the audience filled him with pride and accomplishment.,1
The gentle waves lapping at the shore made her feel at one with nature.,1
Her heart fluttered with excitement as she walked down the aisle.,1
The taste of fresh strawberries in the summer made her smile with delight.,1
He felt his worries melt away as he sank into the hot bath.,1
The smell of fresh-cut grass filled him with nostalgia and happiness.,1
Her heart skipped a beat when he whispered her name.,1
"The bright, clear sky filled her with optimism and hope for the future.",1
The laughter of her friends made her feel loved and surrounded by joy.,1
The soft rhythm of the rain against the window was soothing and peaceful.,1
"As the baby took his first steps, the room filled with joy and pride.",1
"His heart was light, full of happiness as they danced under the stars.",1
The hug from her mother made all her worries fade away.,1
She felt a surge of confidence as she nailed the presentation.,1
"The scent of lavender filled the room, bringing calm and relaxation.",1
The sound of birds chirping in the morning filled him with a sense of hope.,1
Her heart was overflowing with love as she watched her child sleep.,1
"The cozy cabin in the woods was her safe haven, filled with warmth and peace.",1
The sight of the mountains filled him with awe and inspiration.,1
The warm sand beneath her feet made her feel grounded and serene.,1
He felt the weight of the world lift from his shoulders as he finished his work.,1
"The soft purring of the cat on her lap was a simple, pure joy.",1
The vibrant colors of the autumn leaves filled him with wonder and joy.,1
Her heart was full as she sat with her family at the dinner table.,1
The feeling of accomplishment was sweet as she finally completed her project.,1
The joy in his eyes as he opened his gift filled her heart with love.,1
The sense of achievement was overwhelming as he received his diploma.,1
The embrace of her best friend after years apart was pure happiness.,1
The laughter of children playing in the park filled the air with joy.,1
The cool water on her feet was refreshing and made her feel alive.,1
The warmth of the sun after the long winter was like a gift from the heavens.,1
The peaceful sound of the waves soothed her soul.,1
The flowers blooming in her garden brought her a deep sense of joy.,1
"The view from the top of the mountain was breathtaking, filling him with wonder.",1
The taste of homemade soup on a cold day warmed her from the inside out.,1
The light at the end of the tunnel brought hope after months of darkness.,1
The reunion with her old friends filled her heart with happiness and nostalgia.,1
The music of the orchestra filled the room with magic and wonder.,1
The first snowfall of the season brought a sense of excitement and beauty.,1
The puppy's playful antics brought laughter and joy to her day.,1
The glow of the full moon bathed the world in a magical light.,1
The soft bed after a long day felt like heaven.,1
The success of the project filled him with pride and relief.,1
The garden in full bloom was a vibrant display of life and color.,1
The cool breeze through the open window brought a sense of freshness and peace.,1
The stars twinkling in the night sky filled her with awe and wonder.,1
The sweet taste of victory was more than he had ever imagined.,1
The warmth of her hug melted away all of his stress.,1
"The moment they locked eyes, she knew they were meant to be.",1
The familiar smell of home brought comfort and peace to her soul.,1
The success of her efforts filled her heart with joy and fulfillment.,1
The bright morning sun filled the room with light and optimism.,1
The sight of the ocean waves crashing against the shore filled him with awe.,1
"The moment her hand touched his, she felt an electric spark of connection.",1
The soft chirping of crickets under the moonlight was peaceful and calming.,1
The first bite of her favorite meal brought a smile to her face.,1
The smell of fresh coffee in the morning was the perfect way to start the day.,1
The golden glow of the sunset made her feel like time had stood still.,1
The unexpected gift filled her with surprise and gratitude.,1
The soft warmth of the blanket wrapped around her like a hug from a loved one.,1
The joy of reuniting with family after years apart was indescribable.,1
The sound of waves crashing against the rocks was powerful and soothing.,1
"The fireworks lit up the sky, filling him with excitement and wonder.",1
The first sip of hot cocoa on a snowy day was pure bliss.,1
The bright colors of the rainbow after the storm brought hope and joy.,1
The success of the performance filled the audience with energy and excitement.,1
The gentle rocking of the boat on the lake brought peace and serenity.,1
The sound of the rain on the roof lulled her into a peaceful sleep.,1
The first bloom of spring brought the promise of new beginnings.,1
The sound of his voice made her heart race with joy.,1
The chair was placed near the window in the living room.,0
He walked down the street with a bag in his hand.,0
The cup was filled with water from the faucet.,0
She typed on the keyboard and stared at the screen.,0
"The sun was in the sky, and the day was warm.",0
He opened the door and stepped outside.,0
The dog barked once and then sat down.,0
She looked at her phone and checked her messages.,0
The car stopped at the traffic light and waited.,0
"The book sat on the table, unopened.",0
"The dishwasher beeped, and she opened it to unload the dishes.",0
He picked up the pencil and began to write.,0
The car engine started with a low rumble.,0
She opened the refrigerator and took out the milk.,0
"The street was quiet, and the houses were dark.",0
He pulled out his phone and checked his messages.,0
"The elevator dinged, and the doors slid open.",0
She placed the laundry basket on the bed and began folding clothes.,0
"The book sat on the shelf, gathering dust.",0
"He adjusted the blinds, letting in more light.",0
The wind chime tinkled softly in the breeze.,0
She turned off the TV and grabbed her phone.,0
The keys were left on the kitchen counter.,0
He glanced at the clock and realized it was getting late.,0
"The toaster popped up, and the toast was lightly browned.",0
She opened her notebook and began to jot down notes.,0
"The rain began to fall, softly at first, then harder.",0
He placed the glass of water on the table.,0
"The window was slightly open, letting in the cool night air.",0
She flipped the light switch and the room was bathed in light.,0
"The laundry was finished, and she hung up the wet clothes to dry.",0
He opened the cabinet and grabbed a coffee mug.,0
"The fan was on, creating a gentle breeze in the room.",0
She placed the letter on the desk and walked away.,0
The car sat idling in the driveway.,0
He turned the key in the lock and opened the door.,0
The clock on the wall ticked quietly as time passed.,0
She picked up her jacket and slung it over her shoulder.,0
"The microwave beeped, signaling that the food was ready.",0
He placed the newspaper on the table and sat down to read.,0
"The floor was swept clean, with no dirt or dust in sight.",0
She took a sip of her drink and placed the glass on the counter.,0
The light in the hallway flickered for a brief moment.,0
He locked the door and walked down the steps.,0
The computer screen displayed a login prompt.,0
She grabbed a pen and wrote a quick note.,0
"The bus pulled up to the stop, and he stepped on board.",0
"The window was closed tightly, keeping out the cold wind.",0
She put her phone in her pocket and walked outside.,0
"The plant sat in the corner of the room, its leaves slightly wilted.",0
He set the alarm and turned off the lights before going to bed.,0
"The doorbell rang, and she opened the door.",0
"The kettle whistled, and she poured hot water into the cup.",0
He put the book down and stood up.,0
"The blinds were drawn, blocking out the bright sunlight.",0
She flipped the pillow over to the cooler side and lay back down.,0
"The pen ran out of ink, and he tossed it in the trash.",0
The laundry was folded neatly and placed in the basket.,0
"He pressed the button on the remote, and the TV turned on.",0
"The sun was setting, casting a golden glow over the city.",0
She put the plate in the sink and turned on the faucet.,0
The air was cool and crisp as he stepped outside.,0
The fan hummed quietly as it circulated the air in the room.,0
"She flipped through the channels, looking for something to watch.",0
The car keys jingled in his hand as he unlocked the door.,0
The fridge was stocked with fresh vegetables and fruits.,0
He opened the door and stepped into the quiet house.,0
"The alarm clock buzzed loudly, waking her from her sleep.",0
"She set the table for dinner, placing the plates and silverware neatly.",0
"The bus was crowded, with people standing in the aisle.",0
He placed the cup on the table and sat down.,0
"The curtains were drawn, blocking out the midday sun.",0
She picked up her keys and locked the door behind her.,0
"The phone rang, and he answered it quickly.",0
The laundry was folded neatly in the basket.,0
"She opened the window, letting in a cool breeze.",0
The clock on the wall ticked steadily as time passed.,0
He picked up the glass and took a sip of water.,0
The light in the living room flickered for a moment.,0
She placed the book on the shelf and walked away.,0
The door creaked as it swung open slowly.,0
He flipped the light switch and the room was bathed in light.,0
"The microwave beeped, and she took out her meal.",0
She put the groceries away in the fridge and pantry.,0
"The sun was shining, and the sky was clear.",0
He placed the newspaper on the coffee table and sat down.,0
"The doorbell rang, and she opened the door.",0
She turned off the stove and set the pot aside to cool.,0
He pulled the blinds down to block out the bright sunlight.,0
"The elevator dinged, and the doors slid open.",0
She placed the laundry basket on the bed and began folding.,0
The car engine hummed as it idled in the driveway.,0
"The book sat on the shelf, gathering dust.",0
"The mailbox was full, and she retrieved the letters.",0
He placed the bag on the floor and sat down.,0
The chair creaked as he leaned back.,0
She closed the book and set it aside.,0
"The light turned green, and the car moved forward.",0
The street was wet from the rain earlier that day.,0
She flipped the calendar to a new month.,0
"The rug was vacuumed, and the dust was gone.",0
He clicked the mouse and opened a new tab.,0
The ceiling fan spun in lazy circles above.,0
She placed her coat on the hanger and sat down.,0
"The elevator stopped on the fifth floor, and he got out.",0
The grocery bags were placed on the counter.,0
"He tapped the keyboard, writing a few sentences.",0
The curtains were pulled back to let in the light.,0
The toast was lightly browned when it popped out of the toaster.,0
He set the cup on the saucer and poured some tea.,0
The shoes squeaked as she walked across the tiled floor.,0
"She flipped the switch, and the light turned off.",0
The keys jingled in his hand as he opened the door.,0
"The window was slightly ajar, letting in a cool breeze.",0
He checked his watch and realized he was early.,0
"The pencil snapped in half, and she tossed it away.",0
The streetlights cast long shadows on the empty road.,0
He poured coffee into his mug and added sugar.,0
The shopping cart was full as they walked down the aisle.,0
She took off her shoes and placed them by the door.,0
"The dog barked once, then lay down on the porch.",0
He folded the napkin and placed it neatly on the table.,0
The clock on the microwave showed 7:00.,0
She picked up the remote and turned off the TV.,0
The leaves rustled gently in the breeze.,0
He tightened the lid on the jar before putting it away.,0
"The bus arrived on time, and she boarded.",0
The calendar on the wall was flipped to the next month.,0
She turned the page of her book and continued reading.,0
"The computer beeped, signaling a new notification.",0
He placed the coin into the vending machine and selected a snack.,0
"The laundry was piled high in the basket, ready to be washed.",0
"The desk was neatly organized, with papers stacked in piles.",0
She opened the door and stepped into the cool air.,0
The cat curled up on the sofa and fell asleep.,0
He washed his hands in the sink and dried them with a towel.,0
The curtains were drawn to block out the bright sun.,0
"She stirred the soup on the stove, watching it simmer.",0
"The elevator doors slid shut, and the car began to descend.",0
He typed the password into the computer and hit enter.,0
The rug in the living room was vacuumed.,0
She opened the drawer and took out a spoon.,0
The car drove slowly down the quiet street.,0
"He clicked the pen, then began writing in his notebook.",0
The light in the hallway flickered once before staying on.,0
She checked her phone for messages and set it aside.,0
The breeze blew softly through the open window.,0
He closed the book and placed it back on the shelf.,0
"The microwave beeped, and she took out the hot food.",0
The clock on the wall ticked steadily as time passed.,0
She poured water into the pot and set it on the stove.,0
The lamp on the desk illuminated the papers scattered across it.,0
He tied his shoes tightly before heading out the door.,0
The keys rattled in the lock as she opened the door.,0
The washing machine hummed as it spun the clothes inside.,0
"She flipped through the magazine, stopping occasionally to read.",0
The light above flickered as the storm outside grew stronger.,0
He placed the remote on the coffee table and leaned back on the couch.,0
The curtains swayed gently as the breeze drifted through the open window.,0
"The phone vibrated on the table, and she picked it up.",0
He grabbed his jacket and stepped outside.,0
The faucet dripped slowly into the sink.,0
She wiped the countertop with a damp cloth.,0
The keys jingled as he put them in his pocket.,0
The rain drizzled lightly against the windowpane.,0
He glanced at the clock on the wall and sighed.,0
The bookshelf was filled with neatly organized books.,0
She opened the fridge and grabbed a soda.,0
The light from the streetlamp cast shadows on the sidewalk.,0
"The mail was delivered, and he grabbed the envelopes.",0
She poured some cereal into a bowl and added milk.,0
The window blinds clattered as the wind picked up outside.,0
He tied his shoelaces and headed out the door.,0
"The clock chimed, signaling the top of the hour.",0
She set the shopping bags on the kitchen counter.,0
"The bus arrived, and the passengers began boarding.",0
He opened the door to let the dog outside.,0
The newspaper was folded neatly on the coffee table.,0
She took a sip of water and glanced at the clock.,0
The cat meowed softly and curled up on the chair.,0
He picked up the empty glass and placed it in the sink.,0
The printer whirred as it printed the document.,0
She adjusted the pillow on the couch and lay down.,0
"The street was empty, and the streetlights flickered.",0
"He turned the key in the ignition, and the engine started.",0
The wind rustled through the leaves in the trees.,0
She unlocked the door and stepped inside.,0
The dog wagged its tail and waited by the door.,0
He opened the fridge and grabbed a soda.,0
"The sun was setting, casting a warm glow on the horizon.",0
She placed the empty cup in the sink and turned on the water.,0
"The car idled at the traffic light, waiting for it to turn green.",0
He folded the blanket and set it on the armchair.,0
"The phone rang, and she answered it quickly.",0
"The sky was clear, and the stars were faintly visible.",0
She picked up the remote and changed the channel.,0
"The alarm clock buzzed loudly, waking him from his sleep.",0
He placed the book on the shelf and turned off the light.,0
"The bus came to a stop, and the passengers began to exit.",0
She put her shoes on and headed out the door.,0
"The streetlight flickered, casting a faint glow on the sidewalk.",0
He opened the garage door and stepped inside.,0
"The blinds were drawn, keeping out the midday sun.",0
She grabbed her keys and headed for the car.,0
The air conditioning hummed quietly in the background.,0
"He typed on the keyboard, finishing his report.",0
"The coffee pot was empty, and she started brewing a new one.",0
"The clock struck midnight, and the room was silent.",0
She pulled the covers over her head and went back to sleep.,0
"The dishwasher beeped, and he opened it to unload the dishes.",0
The radio played softly in the background.,0
He locked the front door and walked to his car.,0
The ceiling fan spun lazily overhead.,0
She flipped through the pages of the magazine.,0
The dog barked once and then lay down.,0
He adjusted his tie and checked his reflection in the mirror.,0
The wind chimes jingled softly in the breeze.,0
She poured herself a glass of water and sat down.,0
"The sun was high in the sky, casting long shadows on the ground.",0
He placed the groceries on the counter and began unpacking them.,0
"The TV was on, playing a rerun of an old sitcom.",0
She grabbed a blanket and curled up on the couch.,0
The clock on the wall ticked softly as the hours passed.,0
"He flipped the switch, and the room was filled with light.",0
"The street was quiet, and the houses were dark.",0
She opened the window to let in some fresh air.,0
"The computer beeped, signaling a new message.",0
He grabbed his keys and walked out the door.,0
"The oven beeped, and she pulled out the tray of cookies.",0
The light from the lamp cast a warm glow in the room.,0
She took a bite of her sandwich and continued reading.,0
The bus pulled away from the stop and continued down the street.,0
He placed the dirty dishes in the sink.,0
The blinds clattered as the wind blew through the open window.,0
She poured a cup of coffee and sat down at the kitchen table.,0
The computer screen displayed the desktop wallpaper.,0
He turned off the TV and grabbed his phone.,0
"The sky was cloudy, and a light drizzle began to fall.",0
She folded the laundry and placed it in the basket.,0
"The microwave beeped, and he took out his meal.",0
"The phone rang, and she answered it after the third ring.",0
He placed the keys on the counter and sat down.,0
The curtains swayed gently in the breeze.,0
She placed the letter on the table and walked away.,0
The faucet dripped slowly into the sink.,0
He flipped through the pages of the newspaper.,0
The rain tapped lightly on the window.,0
She placed the book on the shelf and picked up another one.,0
The cat jumped up on the couch and curled into a ball.,0
He glanced at the clock and realized it was getting late.,0
The leaves rustled softly in the wind.,0
She poured herself a glass of juice and took a sip.,0
"The sun was setting, casting an orange glow across the sky.",0
He opened the drawer and took out a pen.,0
The clock on the wall ticked steadily.,0
She wiped her hands on the towel and walked to the sink.,0
The car was parked in the driveway.,0
He placed the jacket on the hanger and closed the door.,0
The wind blew gently through the open window.,0
She took a sip of coffee and checked her phone.,0
"The floor was swept clean, with no dirt left behind.",0
He folded the towel and placed it on the rack.,0
"The rain started falling harder, pattering against the window.",0
She glanced at the time and realized she was late.,0
The light in the hallway flickered for a moment.,0
He placed the empty cup in the sink.,0
The fan whirred quietly in the background.,0
She unlocked the door and stepped inside the house.,0
The blinds were slightly crooked on the window.,0
He clicked the mouse and opened a new browser tab.,0
The table was set neatly with plates and silverware.,0
She turned the page of the book and continued reading.,0
The TV remote was left on the couch.,0
He glanced at his watch and realized it was time to leave.,0
The refrigerator hummed softly in the kitchen.,0
She placed the folded laundry in the basket.,0
The bus slowed down as it approached the stop.,0
He placed his hat on the hook by the door.,0
The ceiling fan spun slowly overhead.,0
She turned off the light and headed to bed.,0
The car radio played softly in the background.,0
He grabbed a jacket and headed outside.,0
The street was empty as she walked home.,0
"The microwave beeped, and she took out her meal.",0
He checked his email on his phone.,0
The door creaked as it opened.,0
She poured a glass of water and set it on the counter.,0
The laptop was charging on the desk.,0
He closed the window and drew the blinds.,0
"The alarm clock buzzed, and she turned it off.",0
He adjusted the mirror and started the car.,0
The calendar on the wall showed the current month.,0
She wrote a note and placed it on the fridge.,0
The computer was updating software when he sat down.,0
He wiped his glasses with a cloth before putting them on.,0
"The phone vibrated on the table, signaling a new message.",0
She tied her shoes and headed out the door.,0
"The TV was muted, displaying the weather report.",0
He opened the fridge and took out a bottle of juice.,0
The streetlights flickered as he walked down the sidewalk.,0
She adjusted her glasses and continued reading.,0
"The chair was slightly crooked, but she didn’t fix it.",0
He hung up his coat and sat down.,0
The floorboards creaked as she walked down the hallway.,0
"The microwave beeped, and he took out his coffee.",0
She placed her laptop on the desk and opened it.,0
"The phone rang, and he answered it after the second ring.",0
The blinds rattled in the breeze coming through the window.,0
He adjusted his chair and continued typing.,0
The clock on the microwave flashed 12:00.,0
She unlocked the door and stepped outside.,0
The dog barked at the mailman as he passed by.,0
He turned off the computer and stood up.,0
The wind rustled the leaves on the trees outside.,0
She picked up the glass of water and took a sip.,0
The house was quiet as he read his book.,0
"The sun set behind the mountains, casting long shadows.",0
She placed the pen on the notebook and stood up.,0
He folded the newspaper and placed it on the table.,0
The laundry basket was full and needed to be emptied.,0
She opened the window to let in some fresh air.,0
The fan was spinning slowly on the ceiling.,0
He placed the keys on the kitchen counter.,0
The rain started to fall as she walked home.,0
She put her jacket on and headed outside.,0
"The cat sat on the windowsill, watching the birds outside.",0
He checked his phone for messages and then set it down.,0
The light in the hallway flickered briefly.,0
She placed the remote on the coffee table and sat down.,0
The fridge was humming quietly in the background.,0
"He turned the key in the ignition, and the car started.",0
The dog wagged its tail and followed her to the door.,0
She opened the closet and took out her shoes.,0
He glanced at the clock and realized it was time for dinner.,0
"The doorbell rang, and she went to answer it.",0
"The computer beeped, signaling that the update was complete.",0
She placed the dirty dishes in the dishwasher.,0
He turned off the lights and headed to bed.,0
The wind blew softly through the open window.,0
He placed the remote on the armrest of the couch.,0
The clock showed that it was nearly midnight.,0
She placed her bag on the chair and sat down.,0
He opened the door and stepped outside into the night.,0
The table was set with plates and silverware for dinner.,0
She glanced out the window and saw the rain begin to fall.,0
"The ceiling fan spun slowly, circulating the air in the room.",0
He placed the book back on the shelf and walked away.,0
"The microwave beeped, and she opened it to take out her meal.",0
She folded the towels and placed them in the linen closet.,0
He picked up the glass of water and took a drink.,0
The lamp on the desk cast a soft glow over the papers.,0
She turned the key in the lock and stepped inside.,0
He checked his phone for any missed calls or messages.,0
"The sun was setting, and the sky turned a soft shade of pink.",0
She placed her phone on the nightstand and lay down to sleep.,0
He grabbed his coat and headed out the door.,0
"The street was quiet, with only a few cars passing by.",0
She opened the fridge and took out a bottle of water.,0
He placed the dirty dishes in the sink and turned on the faucet.,0
"The laundry was done, and she began folding the clothes.",0
He turned off the light and walked down the hallway.,0
The door creaked as she opened it slowly.,0
"The car idled at the stoplight, waiting for it to turn green.",0
She turned the page of her book and continued reading.,0
He placed his hat on the hook by the door.,0
The sun was shining brightly through the open window.,0
She took a bite of her sandwich and looked out the window.,0
"The bus pulled up to the stop, and she stepped on board.",0
He placed the phone on the charger and sat down.,0
"The coffee was brewing, filling the kitchen with a rich aroma.",0
She checked her messages and replied to a few of them.,0
"The printer was out of paper, and he refilled the tray.",0
The cat meowed softly and curled up on the couch.,0
He placed the keys on the counter and walked away.,0
The rain tapped gently on the roof as she fell asleep.,0
He adjusted his tie and looked in the mirror.,0
She folded the laundry and placed it in the basket.,0
The streetlights flickered as she walked down the sidewalk.,0
He opened the fridge and grabbed a bottle of juice.,0
The wind rustled the leaves in the trees.,0
She placed her shoes by the door and sat down.,0
"He clicked the mouse, opening a new browser tab.",0
"The sun was setting, casting long shadows on the ground.",0
She poured herself a glass of water and took a sip.,0
The car engine hummed as he drove down the quiet street.,0
He placed the book on the table and walked away.,0
The clock on the wall ticked steadily as time passed.,0
She opened the window and let in a cool breeze.,0
He locked the front door and walked to his car.,0
"The phone rang, and she answered it after the second ring.",0
"The microwave beeped, and he took out his meal.",0
She placed the remote on the coffee table and sat down.,0
He poured a cup of coffee and sat at the kitchen table.,0
The blinds clattered as the wind blew through the open window.,0
She picked up her phone and checked her messages.,0
He folded the towel and placed it on the rack.,0
The light from the streetlamp cast a faint glow on the sidewalk.,0
She closed the door quietly and walked down the hallway.,0
The radio played softly in the background as she worked.,0
He placed the dirty dishes in the dishwasher.,0
